"sep=,"
record_id,record_time,package_name,foreground_time_usage,last_time_use,downloaded_data,uploaded_data,was_foreground,boot,record_time_human
-1,1430913000000,com.facebook.katana,0,0,13124,11839,0,-1,06.05.15-13:50
-1,1430913600000,com.facebook.katana,0,0,3393,6005,0,-1,06.05.15-14:00
-1,1430917200000,com.facebook.katana,0,0,3977,4163,0,-1,06.05.15-15:00
-1,1430917800000,com.facebook.katana,0,0,1900,2135,0,-1,06.05.15-15:10
-1,1430918400000,com.facebook.katana,0,0,5124,3199,0,-1,06.05.15-15:20
-1,1430919000000,com.facebook.katana,0,0,9769,7420,0,-1,06.05.15-15:30
-1,1430919600000,com.facebook.katana,0,0,40,60,0,-1,06.05.15-15:40
-1,1430920800000,com.facebook.katana,0,0,31035,28214,0,-1,06.05.15-16:00
-1,1430921400000,com.facebook.katana,0,0,7957,8910,0,-1,06.05.15-16:10
-1,1430922000000,com.facebook.katana,0,0,6226,4061,0,-1,06.05.15-16:20
-1,1430922600000,com.facebook.katana,0,0,1354,1448,0,-1,06.05.15-16:30
-1,1430923200000,com.facebook.katana,0,0,4355,7166,0,-1,06.05.15-16:40
-1,1430923800000,com.facebook.katana,0,0,1763,2086,0,-1,06.05.15-16:50
-1,1430924400000,com.facebook.katana,0,0,7042,6894,0,-1,06.05.15-17:00
-1,1430925000000,com.facebook.katana,0,0,3402,6025,0,-1,06.05.15-17:10
-1,1430925600000,com.facebook.katana,0,0,955,1211,0,-1,06.05.15-17:20
-1,1430926200000,com.facebook.katana,0,0,274,350,0,-1,06.05.15-17:30
-1,1430926800000,com.facebook.katana,0,0,31891,22481,0,-1,06.05.15-17:40
-1,1430927400000,com.facebook.katana,0,0,8648,6669,0,-1,06.05.15-17:50
-1,1430928000000,com.facebook.katana,0,0,9309,7995,0,-1,06.05.15-18:00
-1,1430928600000,com.facebook.katana,0,0,7361,11152,0,-1,06.05.15-18:10
-1,1430929200000,com.facebook.katana,0,0,540,540,0,-1,06.05.15-18:20
-1,1430929800000,com.facebook.katana,0,0,4450,2791,0,-1,06.05.15-18:30
-1,1430934000000,com.facebook.katana,0,0,815,1155,0,-1,06.05.15-19:40
-1,1430940600000,com.facebook.katana,0,0,31990,25387,0,-1,06.05.15-21:30
-1,1430941200000,com.facebook.katana,0,0,27996,11522,0,-1,06.05.15-21:40
-1,1430941800000,com.facebook.katana,0,0,18278,3696,0,-1,06.05.15-21:50
-1,1430942400000,com.facebook.katana,0,0,1287,2697,0,-1,06.05.15-22:00
-1,1430943000000,com.facebook.katana,0,0,2828,2173,0,-1,06.05.15-22:10
-1,1430943000000,com.facebook.katana,0,0,1184867,96406,1,-1,06.05.15-22:10
-1,1430943600000,com.facebook.katana,0,0,3568,4043,0,-1,06.05.15-22:20
-1,1430944200000,com.facebook.katana,0,0,22309,3948,0,-1,06.05.15-22:30
-1,1430944800000,com.facebook.katana,0,0,677,724,0,-1,06.05.15-22:40
-1,1430945400000,com.facebook.katana,0,0,218,199,0,-1,06.05.15-22:50
-1,1430946000000,com.facebook.katana,0,0,659,272,0,-1,06.05.15-23:00
-1,1430946600000,com.facebook.katana,0,0,135,135,0,-1,06.05.15-23:10
-1,1430947800000,com.facebook.katana,0,0,135,135,0,-1,06.05.15-23:30
-1,1430948400000,com.facebook.katana,0,0,13407,19289,0,-1,06.05.15-23:40
-1,1430949000000,com.facebook.katana,0,0,21425,5283,0,-1,06.05.15-23:50
-1,1430949600000,com.facebook.katana,0,0,814,908,0,-1,07.05.15-00:00
-1,1430950200000,com.facebook.katana,0,0,405,405,0,-1,07.05.15-00:10
-1,1430951400000,com.facebook.katana,0,0,4992,3205,0,-1,07.05.15-00:30
-1,1430952000000,com.facebook.katana,0,0,949,1043,0,-1,07.05.15-00:40
-1,1430952600000,com.facebook.katana,0,0,270,270,0,-1,07.05.15-00:50
-1,1430953200000,com.facebook.katana,0,0,2577,2859,0,-1,07.05.15-01:00
-1,1430953800000,com.facebook.katana,0,0,945,945,0,-1,07.05.15-01:10
-1,1430954400000,com.facebook.katana,0,0,1136,1261,0,-1,07.05.15-01:20
-1,1430955000000,com.facebook.katana,0,0,949,1043,0,-1,07.05.15-01:30
-1,1430955600000,com.facebook.katana,0,0,5623,5833,0,-1,07.05.15-01:40
-1,1430956200000,com.facebook.katana,0,0,816,969,0,-1,07.05.15-01:50
-1,1430956800000,com.facebook.katana,0,0,90038,46450,0,-1,07.05.15-02:00
-1,1430956800000,com.facebook.katana,0,0,179175,31630,1,-1,07.05.15-02:00
-1,1430957400000,com.facebook.katana,0,0,1080,1080,0,-1,07.05.15-02:10
-1,1430958000000,com.facebook.katana,0,0,2713,4353,0,-1,07.05.15-02:20
-1,1430958000000,com.facebook.katana,0,0,33845,15277,1,-1,07.05.15-02:20
-1,1430958600000,com.facebook.katana,0,0,2292,2814,0,-1,07.05.15-02:30
-1,1430959200000,com.facebook.katana,0,0,405,405,0,-1,07.05.15-02:40
-1,1430960400000,com.facebook.katana,0,0,19068,4503,0,-1,07.05.15-03:00
-1,1431013800000,com.facebook.katana,0,0,12666302,5715005,1,-1,07.05.15-17:50
-1,1431014400000,com.facebook.katana,0,0,949,1396,0,-1,07.05.15-18:00
-1,1431014400000,com.facebook.katana,0,0,1146393,141763,1,-1,07.05.15-18:00
-1,1431082200000,com.facebook.katana,0,0,135,135,0,-1,08.05.15-12:50
-1,1431082200000,com.facebook.katana,0,0,6873059,1828355,1,-1,08.05.15-12:50
-1,1431082800000,com.facebook.katana,0,0,7174,6687,0,-1,08.05.15-13:00
-1,1431083400000,com.facebook.katana,0,0,955,1125,0,-1,08.05.15-13:10
-1,1431084000000,com.facebook.katana,0,0,270,270,0,-1,08.05.15-13:20
-1,1431085200000,com.facebook.katana,0,0,409,485,0,-1,08.05.15-13:40
-1,1431085800000,com.facebook.katana,0,0,1493,1699,0,-1,08.05.15-13:50
-1,1431086400000,com.facebook.katana,0,0,272,319,0,-1,08.05.15-14:00
-1,1431086400000,com.facebook.katana,0,0,9039162,4027560,1,-1,08.05.15-14:00
-1,1431087000000,com.facebook.katana,0,0,4790,7423,0,-1,08.05.15-14:10
-1,1431087000000,com.facebook.katana,0,0,1651551,1054133,1,-1,08.05.15-14:10
-1,1431087600000,com.facebook.katana,0,0,10064,4205,0,-1,08.05.15-14:20
-1,1431087600000,com.facebook.katana,0,0,600834,63718,1,-1,08.05.15-14:20
-1,1431088800000,com.facebook.katana,0,0,683,806,0,-1,08.05.15-14:40
-1,1431089400000,com.facebook.katana,0,0,6238,4187,0,-1,08.05.15-14:50
-1,1431089400000,com.facebook.katana,0,0,6115009,2466549,1,-1,08.05.15-14:50
-1,1431090000000,com.facebook.katana,0,0,805,721,0,-1,08.05.15-15:00
-1,1431090600000,com.facebook.katana,0,0,3312,2315,0,-1,08.05.15-15:10
-1,1431090600000,com.facebook.katana,0,0,1157432,119665,1,-1,08.05.15-15:10
-1,1431091200000,com.facebook.katana,0,0,270,270,0,-1,08.05.15-15:20
-1,1431092400000,com.facebook.katana,0,0,135,135,0,-1,08.05.15-15:40
-1,1431093000000,com.facebook.katana,0,0,135,135,0,-1,08.05.15-15:50
-1,1431094200000,com.facebook.katana,0,0,270,270,0,-1,08.05.15-16:10
-1,1431094800000,com.facebook.katana,0,0,135,135,0,-1,08.05.15-16:20
-1,1431095400000,com.facebook.katana,0,0,20820,12151,0,-1,08.05.15-16:30
-1,1431096000000,com.facebook.katana,0,0,3725,6993,0,-1,08.05.15-16:40
-1,1431096600000,com.facebook.katana,0,0,683,920,0,-1,08.05.15-16:50
-1,1431097200000,com.facebook.katana,0,0,3346,14818,0,-1,08.05.15-17:00
-1,1431097800000,com.facebook.katana,0,0,9316,7046,0,-1,08.05.15-17:10
-1,1431098400000,com.facebook.katana,0,0,1937,2377,0,-1,08.05.15-17:20
-1,1431099000000,com.facebook.katana,0,0,48430,15899,0,-1,08.05.15-17:30
-1,1431099600000,com.facebook.katana,0,0,1501,1960,0,-1,08.05.15-17:40
-1,1431100200000,com.facebook.katana,0,0,1500,2458,0,-1,08.05.15-17:50
-1,1431100800000,com.facebook.katana,0,0,135,239,0,-1,08.05.15-18:00
-1,1431101400000,com.facebook.katana,0,0,2063,2471,0,-1,08.05.15-18:10
-1,1431102000000,com.facebook.katana,0,0,409,485,0,-1,08.05.15-18:20
-1,1431102600000,com.facebook.katana,0,0,921,624,0,-1,08.05.15-18:30
-1,1431124200000,com.facebook.katana,0,0,1975062,598407,0,-1,09.05.15-00:30
-1,1431124800000,com.facebook.katana,0,0,8013,8641,0,-1,09.05.15-00:40
-1,1431124800000,com.facebook.katana,0,0,732790,120377,1,-1,09.05.15-00:40
-1,1431125400000,com.facebook.katana,0,0,1219,1313,0,-1,09.05.15-00:50
-1,1431126000000,com.facebook.katana,0,0,6587,26107,0,-1,09.05.15-01:00
-1,1431126000000,com.facebook.katana,0,0,79695,41762,1,-1,09.05.15-01:00
-1,1431126600000,com.facebook.katana,0,0,28274,25600,0,-1,09.05.15-01:10
-1,1431127200000,com.facebook.katana,0,0,1620,3359,0,-1,09.05.15-01:20
-1,1431127200000,com.facebook.katana,0,0,11994,13059,1,-1,09.05.15-01:20
-1,1431127800000,com.facebook.katana,0,0,18598,15671,0,-1,09.05.15-01:30
-1,1431127800000,com.facebook.katana,0,0,54793,30768,1,-1,09.05.15-01:30
-1,1431128400000,com.facebook.katana,0,0,2303,2567,0,-1,09.05.15-01:40
-1,1431128400000,com.facebook.katana,0,0,1443758,572465,1,-1,09.05.15-01:40
-1,1431129000000,com.facebook.katana,0,0,1269,1347,0,-1,09.05.15-01:50
-1,1431129600000,com.facebook.katana,0,0,544,638,0,-1,09.05.15-02:00
-1,1431130200000,com.facebook.katana,0,0,868,1120,0,-1,09.05.15-02:10
-1,1431130800000,com.facebook.katana,0,0,1098,2988,0,-1,09.05.15-02:20
-1,1431131400000,com.facebook.katana,0,0,3820,4296,0,-1,09.05.15-02:30
-1,1431131400000,com.facebook.katana,0,0,2207569,1262982,1,-1,09.05.15-02:30
-1,1431132000000,com.facebook.katana,0,0,953,1203,0,-1,09.05.15-02:40
-1,1431132600000,com.facebook.katana,0,0,476901,115605,1,-1,09.05.15-02:50
-1,1431133200000,com.facebook.katana,0,0,4679,6870,0,-1,09.05.15-03:00
-1,1431133800000,com.facebook.katana,0,0,135,135,0,-1,09.05.15-03:10
-1,1431134400000,com.facebook.katana,0,0,10329,7408,0,-1,09.05.15-03:20
-1,1431135000000,com.facebook.katana,0,0,24391,36433,0,-1,09.05.15-03:30
-1,1431135000000,com.facebook.katana,0,0,251838,60740,1,-1,09.05.15-03:30
-1,1431135600000,com.facebook.katana,0,0,6299,5461,0,-1,09.05.15-03:40
-1,1431135600000,com.facebook.katana,0,0,29030,62095,1,-1,09.05.15-03:40
-1,1431136200000,com.facebook.katana,0,0,13681,10447,0,-1,09.05.15-03:50
-1,1431136800000,com.facebook.katana,0,0,6591,4935,0,-1,09.05.15-04:00
-1,1431137400000,com.facebook.katana,0,0,2901,3141,0,-1,09.05.15-04:10
-1,1431137400000,com.facebook.katana,0,0,1377971,105829,1,-1,09.05.15-04:10
-1,1431138000000,com.facebook.katana,0,0,295,375,0,-1,09.05.15-04:20
-1,1431138600000,com.facebook.katana,0,0,351,292,0,-1,09.05.15-04:30
-1,1431139200000,com.facebook.katana,0,0,135,135,0,-1,09.05.15-04:40
-1,1431139800000,com.facebook.katana,0,0,80,701,0,-1,09.05.15-04:50
-1,1431140400000,com.facebook.katana,0,0,440,660,0,-1,09.05.15-05:00
-1,1431141000000,com.facebook.katana,0,0,80,120,0,-1,09.05.15-05:10
-1,1431141600000,com.facebook.katana,0,0,40,60,0,-1,09.05.15-05:20
-1,1431142200000,com.facebook.katana,0,0,320,480,0,-1,09.05.15-05:30
-1,1431142800000,com.facebook.katana,0,0,80,120,0,-1,09.05.15-05:40
-1,1431143400000,com.facebook.katana,0,0,120,180,0,-1,09.05.15-05:50
-1,1431144000000,com.facebook.katana,0,0,520,780,0,-1,09.05.15-06:00
-1,1431144600000,com.facebook.katana,0,0,2091,1431,0,-1,09.05.15-06:10
-1,1431144600000,com.facebook.katana,0,0,10604424,7169644,1,-1,09.05.15-06:10
-1,1431145200000,com.facebook.katana,0,0,15806,6849,0,-1,09.05.15-06:20
-1,1431145800000,com.facebook.katana,0,0,8266,9097,0,-1,09.05.15-06:30
-1,1431145800000,com.facebook.katana,0,0,236336,50832,1,-1,09.05.15-06:30
-1,1431146400000,com.facebook.katana,0,0,14849,9428,0,-1,09.05.15-06:40
-1,1431146400000,com.facebook.katana,0,0,20960,21469,1,-1,09.05.15-06:40
-1,1431147000000,com.facebook.katana,0,0,10957,8090,0,-1,09.05.15-06:50
-1,1431147000000,com.facebook.katana,0,0,4915308,4165761,1,-1,09.05.15-06:50
-1,1431147600000,com.facebook.katana,0,0,2206,1318,0,-1,09.05.15-07:00
-1,1431147600000,com.facebook.katana,0,0,6742012,2597142,1,-1,09.05.15-07:00
-1,1431148200000,com.facebook.katana,0,0,17442,13633,0,-1,09.05.15-07:10
-1,1431148200000,com.facebook.katana,0,0,278480,246518,1,-1,09.05.15-07:10
-1,1431148800000,com.facebook.katana,0,0,8105,4478,0,-1,09.05.15-07:20
-1,1431148800000,com.facebook.katana,0,0,36362,23115,1,-1,09.05.15-07:20
-1,1431149400000,com.facebook.katana,0,0,27002,9171,0,-1,09.05.15-07:30
-1,1431150000000,com.facebook.katana,0,0,14952,5901,0,-1,09.05.15-07:40
-1,1431150600000,com.facebook.katana,0,0,7705,2753,0,-1,09.05.15-07:50
-1,1431151200000,com.facebook.katana,0,0,12146,5236,0,-1,09.05.15-08:00
-1,1431151800000,com.facebook.katana,0,0,135,135,0,-1,09.05.15-08:10
-1,1431152400000,com.facebook.katana,0,0,19764,5783,0,-1,09.05.15-08:20
-1,1431153000000,com.facebook.katana,0,0,54000,14936,0,-1,09.05.15-08:30
-1,1431153600000,com.facebook.katana,0,0,25456,10750,0,-1,09.05.15-08:40
-1,1431154200000,com.facebook.katana,0,0,18115,5883,0,-1,09.05.15-08:50
-1,1431155400000,com.facebook.katana,0,0,26756,26494,0,-1,09.05.15-09:10
-1,1431156000000,com.facebook.katana,0,0,28926,10467,0,-1,09.05.15-09:20
-1,1431156000000,com.facebook.katana,0,0,412688,77282,1,-1,09.05.15-09:20
-1,1431156600000,com.facebook.katana,0,0,21413,7951,0,-1,09.05.15-09:30
-1,1431157200000,com.facebook.katana,0,0,1521,1380,0,-1,09.05.15-09:40
-1,1431157800000,com.facebook.katana,0,0,1357,1192,0,-1,09.05.15-09:50
-1,1431158400000,com.facebook.katana,0,0,320,480,0,-1,09.05.15-10:00
-1,1431159000000,com.facebook.katana,0,0,41780,14123,0,-1,09.05.15-10:10
-1,1431159600000,com.facebook.katana,0,0,10803,3123,0,-1,09.05.15-10:20
-1,1431160200000,com.facebook.katana,0,0,9769,3895,0,-1,09.05.15-10:30
-1,1431160200000,com.facebook.katana,0,0,480125,107001,1,-1,09.05.15-10:30
-1,1431160800000,com.facebook.katana,0,0,51508,11648,0,-1,09.05.15-10:40
-1,1431161400000,com.facebook.katana,0,0,16436,10271,0,-1,09.05.15-10:50
-1,1431161400000,com.facebook.katana,0,0,87146,63488,1,-1,09.05.15-10:50
-1,1431162000000,com.facebook.katana,0,0,9542,3995,0,-1,09.05.15-11:00
-1,1431162600000,com.facebook.katana,0,0,59820,18087,0,-1,09.05.15-11:10
-1,1431163200000,com.facebook.katana,0,0,19527,10200,0,-1,09.05.15-11:20
-1,1431163200000,com.facebook.katana,0,0,3136745,1203797,1,-1,09.05.15-11:20
-1,1431163800000,com.facebook.katana,0,0,30587,11390,0,-1,09.05.15-11:30
-1,1431163800000,com.facebook.katana,0,0,1158624,1113782,1,-1,09.05.15-11:30
-1,1431164400000,com.facebook.katana,0,0,1511,863,0,-1,09.05.15-11:40
-1,1431165000000,com.facebook.katana,0,0,27099,8254,0,-1,09.05.15-11:50
-1,1431165600000,com.facebook.katana,0,0,28440,6848,0,-1,09.05.15-12:00
-1,1431166200000,com.facebook.katana,0,0,22624,7897,0,-1,09.05.15-12:10
-1,1431172800000,com.facebook.katana,0,0,3461082,429620,0,-1,09.05.15-14:00
-1,1431173400000,com.facebook.katana,0,0,2833,3523,0,-1,09.05.15-14:10
-1,1431173400000,com.facebook.katana,0,0,4739,10091,1,-1,09.05.15-14:10
-1,1431174000000,com.facebook.katana,0,0,24221,16101,0,-1,09.05.15-14:20
-1,1431176400000,com.facebook.katana,0,0,104091,49989,0,-1,09.05.15-15:00
-1,1431177000000,com.facebook.katana,0,0,1294,729,0,-1,09.05.15-15:10
-1,1431177600000,com.facebook.katana,0,0,4561,1884,0,-1,09.05.15-15:20
-1,1431178200000,com.facebook.katana,0,0,15329,7239,0,-1,09.05.15-15:30
-1,1431178200000,com.facebook.katana,0,0,17102,15948,1,-1,09.05.15-15:30
-1,1431178800000,com.facebook.katana,0,0,26003,7896,0,-1,09.05.15-15:40
-1,1431179400000,com.facebook.katana,0,0,5508,3996,0,-1,09.05.15-15:50
-1,1431180000000,com.facebook.katana,0,0,28496,3999,0,-1,09.05.15-16:00
-1,1431180600000,com.facebook.katana,0,0,32710,6705,0,-1,09.05.15-16:10
-1,1431181200000,com.facebook.katana,0,0,1412,1463,0,-1,09.05.15-16:20
-1,1431181800000,com.facebook.katana,0,0,6396,5287,0,-1,09.05.15-16:30
-1,1431182400000,com.facebook.katana,0,0,16692,3291,0,-1,09.05.15-16:40
-1,1431183000000,com.facebook.katana,0,0,818,923,0,-1,09.05.15-16:50
-1,1431183600000,com.facebook.katana,0,0,814,908,0,-1,09.05.15-17:00
-1,1431184200000,com.facebook.katana,0,0,40384,21016,0,-1,09.05.15-17:10
-1,1431184800000,com.facebook.katana,0,0,4520,1768,0,-1,09.05.15-17:20
-1,1431185400000,com.facebook.katana,0,0,34321,7725,0,-1,09.05.15-17:30
-1,1431186000000,com.facebook.katana,0,0,74039,44367,0,-1,09.05.15-17:40
-1,1431186600000,com.facebook.katana,0,0,108421,78919,0,-1,09.05.15-17:50
-1,1431187200000,com.facebook.katana,0,0,145,52,0,-1,09.05.15-18:00
-1,1431199800000,com.facebook.katana,0,0,1749,1609,0,-1,09.05.15-21:30
-1,1431199800000,com.facebook.katana,0,0,5382558,949087,1,-1,09.05.15-21:30
-1,1431200400000,com.facebook.katana,0,0,58667,20808,0,-1,09.05.15-21:40
-1,1431200400000,com.facebook.katana,0,0,123964,32500,1,-1,09.05.15-21:40
-1,1431201000000,com.facebook.katana,0,0,16538,12849,0,-1,09.05.15-21:50
-1,1431201000000,com.facebook.katana,0,0,174117,30095,1,-1,09.05.15-21:50
-1,1431201600000,com.facebook.katana,0,0,5443,4740,0,-1,09.05.15-22:00
-1,1431202200000,com.facebook.katana,0,0,79855,17834,0,-1,09.05.15-22:10
-1,1431202200000,com.facebook.katana,0,0,348433,50422,1,-1,09.05.15-22:10
-1,1431202800000,com.facebook.katana,0,0,42546,15007,0,-1,09.05.15-22:20
-1,1431202800000,com.facebook.katana,0,0,156985,57819,1,-1,09.05.15-22:20
-1,1431203400000,com.facebook.katana,0,0,50223,24138,1,-1,09.05.15-22:30
-1,1431210600000,com.facebook.katana,0,0,1287483,110303,1,-1,10.05.15-00:30
-1,1431211200000,com.facebook.katana,0,0,1267,1232,0,-1,10.05.15-00:40
-1,1431211800000,com.facebook.katana,0,0,15677,10955,0,-1,10.05.15-00:50
-1,1431212400000,com.facebook.katana,0,0,24211,6216,0,-1,10.05.15-01:00
-1,1431213000000,com.facebook.katana,0,0,2081,1179,0,-1,10.05.15-01:10
-1,1431213600000,com.facebook.katana,0,0,4123,17766,0,-1,10.05.15-01:20
-1,1431214200000,com.facebook.katana,0,0,56722,15122,0,-1,10.05.15-01:30
-1,1431214200000,com.facebook.katana,0,0,2299547,184142,1,-1,10.05.15-01:30
-1,1431214800000,com.facebook.katana,0,0,1369,948,0,-1,10.05.15-01:40
-1,1431214800000,com.facebook.katana,0,0,594271,62308,1,-1,10.05.15-01:40
-1,1431215400000,com.facebook.katana,0,0,1914,3306,0,-1,10.05.15-01:50
-1,1431216000000,com.facebook.katana,0,0,16223,20406,0,-1,10.05.15-02:00
-1,1431216600000,com.facebook.katana,0,0,11457,15719,0,-1,10.05.15-02:10
-1,1431216600000,com.facebook.katana,0,0,1111125,69805,1,-1,10.05.15-02:10
-1,1431217200000,com.facebook.katana,0,0,566,426,0,-1,10.05.15-02:20
-1,1431217800000,com.facebook.katana,0,0,629,702,0,-1,10.05.15-02:30
-1,1431219000000,com.facebook.katana,0,0,13600,10275,0,-1,10.05.15-02:50
-1,1431219600000,com.facebook.katana,0,0,546,622,0,-1,10.05.15-03:00
-1,1431220200000,com.facebook.katana,0,0,6221,3920,0,-1,10.05.15-03:10
-1,1431220800000,com.facebook.katana,0,0,5390,6791,0,-1,10.05.15-03:20
-1,1431220800000,com.facebook.katana,0,0,1454369,179552,1,-1,10.05.15-03:20
-1,1431221400000,com.facebook.katana,0,0,6938,6750,0,-1,10.05.15-03:30
-1,1431221400000,com.facebook.katana,0,0,16189,18827,1,-1,10.05.15-03:30
-1,1431222000000,com.facebook.katana,0,0,11161,5593,0,-1,10.05.15-03:40
-1,1431222000000,com.facebook.katana,0,0,2059891,142892,1,-1,10.05.15-03:40
-1,1431222600000,com.facebook.katana,0,0,9691,10509,0,-1,10.05.15-03:50
-1,1431222600000,com.facebook.katana,0,0,782007,237645,1,-1,10.05.15-03:50
-1,1431223200000,com.facebook.katana,0,0,2078,2543,0,-1,10.05.15-04:00
-1,1431223200000,com.facebook.katana,0,0,4661,8391,1,-1,10.05.15-04:00
-1,1431224400000,com.facebook.katana,0,0,272,301,0,-1,10.05.15-04:20
-1,1431225000000,com.facebook.katana,0,0,135,135,0,-1,10.05.15-04:30
-1,1431226200000,com.facebook.katana,0,0,135,135,0,-1,10.05.15-04:50
-1,1431226800000,com.facebook.katana,0,0,6387,5296,0,-1,10.05.15-05:00
-1,1431228000000,com.facebook.katana,0,0,135,218,0,-1,10.05.15-05:20
-1,1431228600000,com.facebook.katana,0,0,135,135,0,-1,10.05.15-05:30
-1,1431229800000,com.facebook.katana,0,0,83,135,0,-1,10.05.15-05:50
-1,1431230400000,com.facebook.katana,0,0,3196,15240,0,-1,10.05.15-06:00
-1,1431231600000,com.facebook.katana,0,0,270,270,0,-1,10.05.15-06:20
-1,1431232200000,com.facebook.katana,0,0,1500,2160,0,-1,10.05.15-06:30
-1,1431232800000,com.facebook.katana,0,0,1924,1456,0,-1,10.05.15-06:40
-1,1431233400000,com.facebook.katana,0,0,29379,7646,0,-1,10.05.15-06:50
-1,1431234000000,com.facebook.katana,0,0,272,301,0,-1,10.05.15-07:00
-1,1431234600000,com.facebook.katana,0,0,16906,8755,0,-1,10.05.15-07:10
-1,1431235200000,com.facebook.katana,0,0,135,135,0,-1,10.05.15-07:20
-1,1431235800000,com.facebook.katana,0,0,28167,13362,0,-1,10.05.15-07:30
-1,1431236400000,com.facebook.katana,0,0,11728,5577,0,-1,10.05.15-07:40
-1,1431237000000,com.facebook.katana,0,0,135,135,0,-1,10.05.15-07:50
-1,1431237600000,com.facebook.katana,0,0,26874,9121,0,-1,10.05.15-08:00
-1,1431238200000,com.facebook.katana,0,0,4442,2722,0,-1,10.05.15-08:10
-1,1431238800000,com.facebook.katana,0,0,2515,2723,0,-1,10.05.15-08:20
-1,1431238800000,com.facebook.katana,0,0,487962,107406,1,-1,10.05.15-08:20
-1,1431239400000,com.facebook.katana,0,0,31232,18184,0,-1,10.05.15-08:30
-1,1431239400000,com.facebook.katana,0,0,36803,44869,1,-1,10.05.15-08:30
-1,1431240000000,com.facebook.katana,0,0,466332,25920,0,-1,10.05.15-08:40
-1,1431240000000,com.facebook.katana,0,0,6309504,2946227,1,-1,10.05.15-08:40
-1,1431240600000,com.facebook.katana,0,0,1979060,1601989,0,-1,10.05.15-08:50
-1,1431240600000,com.facebook.katana,0,0,7088,8201,1,-1,10.05.15-08:50
-1,1431241200000,com.facebook.katana,0,0,24246,20915,0,-1,10.05.15-09:00
-1,1431241200000,com.facebook.katana,0,0,552729,66525,1,-1,10.05.15-09:00
-1,1431241800000,com.facebook.katana,0,0,9672,8925,0,-1,10.05.15-09:10
-1,1431242400000,com.facebook.katana,0,0,12978,15987,0,-1,10.05.15-09:20
-1,1431243000000,com.facebook.katana,0,0,1985,2586,0,-1,10.05.15-09:30
-1,1431243600000,com.facebook.katana,0,0,22364,15200,0,-1,10.05.15-09:40
-1,1431244200000,com.facebook.katana,0,0,2096,1991,0,-1,10.05.15-09:50
-1,1431244800000,com.facebook.katana,0,0,6127,14848,0,-1,10.05.15-10:00
-1,1431245400000,com.facebook.katana,0,0,3884,7471,0,-1,10.05.15-10:10
-1,1431252000000,com.facebook.katana,0,0,28346334,20092548,0,-1,10.05.15-12:00
-1,1431252600000,com.facebook.katana,0,0,405,405,0,-1,10.05.15-12:10
-1,1431253200000,com.facebook.katana,0,0,677,724,0,-1,10.05.15-12:20
-1,1431253200000,com.facebook.katana,0,0,1816097,173426,1,-1,10.05.15-12:20
-1,1431253800000,com.facebook.katana,0,0,1683,1315,0,-1,10.05.15-12:30
-1,1431253800000,com.facebook.katana,0,0,84968,61329,1,-1,10.05.15-12:30
-1,1431254400000,com.facebook.katana,0,0,1328,1168,0,-1,10.05.15-12:40
-1,1431254400000,com.facebook.katana,0,0,142998,30461,1,-1,10.05.15-12:40
-1,1431255000000,com.facebook.katana,0,0,270,239,0,-1,10.05.15-12:50
-1,1431255000000,com.facebook.katana,0,0,49167185,28175633,1,-1,10.05.15-12:50
-1,1431255600000,com.facebook.katana,0,0,10978,9180,0,-1,10.05.15-13:00
-1,1431255600000,com.facebook.katana,0,0,5820392,5152839,1,-1,10.05.15-13:00
-1,1431256200000,com.facebook.katana,0,0,10924,9084,0,-1,10.05.15-13:10
-1,1431256200000,com.facebook.katana,0,0,4046097,2361199,1,-1,10.05.15-13:10
-1,1431256800000,com.facebook.katana,0,0,951,1154,0,-1,10.05.15-13:20
-1,1431257400000,com.facebook.katana,0,0,13812,8880,0,-1,10.05.15-13:30
-1,1431257400000,com.facebook.katana,0,0,9886791,5507647,1,-1,10.05.15-13:30
-1,1431258000000,com.facebook.katana,0,0,5677,4081,0,-1,10.05.15-13:40
-1,1431258000000,com.facebook.katana,0,0,20163103,17301252,1,-1,10.05.15-13:40
-1,1431258600000,com.facebook.katana,0,0,2863,2712,0,-1,10.05.15-13:50
-1,1431258600000,com.facebook.katana,0,0,635949,124629,1,-1,10.05.15-13:50
-1,1431259200000,com.facebook.katana,0,0,2436,1785,0,-1,10.05.15-14:00
-1,1431259200000,com.facebook.katana,0,0,3438812,2616030,1,-1,10.05.15-14:00
-1,1431259800000,com.facebook.katana,0,0,17615,20038,0,-1,10.05.15-14:10
-1,1431260400000,com.facebook.katana,0,0,1106,968,0,-1,10.05.15-14:20
-1,1431261000000,com.facebook.katana,0,0,4394,3881,0,-1,10.05.15-14:30
-1,1431261600000,com.facebook.katana,0,0,903,377,0,-1,10.05.15-14:40
-1,1431262200000,com.facebook.katana,0,0,6088,4084,0,-1,10.05.15-14:50
-1,1431262200000,com.facebook.katana,0,0,321131,77837,1,-1,10.05.15-14:50
-1,1431262800000,com.facebook.katana,0,0,272,301,0,-1,10.05.15-15:00
-1,1431264000000,com.facebook.katana,0,0,135,135,0,-1,10.05.15-15:20
-1,1431264600000,com.facebook.katana,0,0,29954,14236,0,-1,10.05.15-15:30
-1,1431265200000,com.facebook.katana,0,0,2165,4312,0,-1,10.05.15-15:40
-1,1431265200000,com.facebook.katana,0,0,1394975,110671,1,-1,10.05.15-15:40
-1,1431265800000,com.facebook.katana,0,0,949,1043,0,-1,10.05.15-15:50
-1,1431265800000,com.facebook.katana,0,0,135362,34844,1,-1,10.05.15-15:50
-1,1431266400000,com.facebook.katana,0,0,20755,17848,0,-1,10.05.15-16:00
-1,1431267000000,com.facebook.katana,0,0,1088,1276,0,-1,10.05.15-16:10
-1,1431267600000,com.facebook.katana,0,0,3280,1340,0,-1,10.05.15-16:20
-1,1431268200000,com.facebook.katana,0,0,6416,4703,0,-1,10.05.15-16:30
-1,1431268200000,com.facebook.katana,0,0,5434096,2027862,1,-1,10.05.15-16:30
-1,1431268800000,com.facebook.katana,0,0,10413,7707,0,-1,10.05.15-16:40
-1,1431268800000,com.facebook.katana,0,0,456143,78269,1,-1,10.05.15-16:40
-1,1431269400000,com.facebook.katana,0,0,3536,2376,0,-1,10.05.15-16:50
-1,1431269400000,com.facebook.katana,0,0,1401,7268,1,-1,10.05.15-16:50
-1,1431270000000,com.facebook.katana,0,0,32146,11991,0,-1,10.05.15-17:00
-1,1431270600000,com.facebook.katana,0,0,31049,13317,0,-1,10.05.15-17:10
-1,1431271200000,com.facebook.katana,0,0,2196,1833,0,-1,10.05.15-17:20
-1,1431271200000,com.facebook.katana,0,0,1378435,140146,1,-1,10.05.15-17:20
-1,1431271800000,com.facebook.katana,0,0,10146,10725,0,-1,10.05.15-17:30
-1,1431272400000,com.facebook.katana,0,0,135,135,0,-1,10.05.15-17:40
-1,1431273000000,com.facebook.katana,0,0,14361,10422,0,-1,10.05.15-17:50
-1,1431273000000,com.facebook.katana,0,0,9429138,5588768,1,-1,10.05.15-17:50
-1,1431273600000,com.facebook.katana,0,0,36787,23600,0,-1,10.05.15-18:00
-1,1431274200000,com.facebook.katana,0,0,10857122,8190528,1,-1,10.05.15-18:10
-1,1431274800000,com.facebook.katana,0,0,5672,3156,0,-1,10.05.15-18:20
-1,1431274800000,com.facebook.katana,0,0,7751810,6669545,1,-1,10.05.15-18:20
-1,1431275400000,com.facebook.katana,0,0,11007,11092,0,-1,10.05.15-18:30
-1,1431275400000,com.facebook.katana,0,0,5566823,4319489,1,-1,10.05.15-18:30
-1,1431276000000,com.facebook.katana,0,0,6636,13472,0,-1,10.05.15-18:40
-1,1431276000000,com.facebook.katana,0,0,12736468,9512250,1,-1,10.05.15-18:40
-1,1431276600000,com.facebook.katana,0,0,636,492,0,-1,10.05.15-18:50
-1,1431277200000,com.facebook.katana,0,0,7915,7982,0,-1,10.05.15-19:00
-1,1431277800000,com.facebook.katana,0,0,5779,2809,0,-1,10.05.15-19:10
-1,1431277800000,com.facebook.katana,0,0,6463525,3427464,1,-1,10.05.15-19:10
-1,1431278400000,com.facebook.katana,0,0,1399,880,0,-1,10.05.15-19:20
-1,1431279000000,com.facebook.katana,0,0,135,135,0,-1,10.05.15-19:30
-1,1431279000000,com.facebook.katana,0,0,4770044,1098218,1,-1,10.05.15-19:30
-1,1431279600000,com.facebook.katana,0,0,3896,2755,0,-1,10.05.15-19:40
-1,1431280800000,com.facebook.katana,0,0,135,135,0,-1,10.05.15-20:00
-1,1431281400000,com.facebook.katana,0,0,1829,2253,0,-1,10.05.15-20:10
-1,1431281400000,com.facebook.katana,0,0,827983,95875,1,-1,10.05.15-20:10
-1,1431282000000,com.facebook.katana,0,0,1781,1843,0,-1,10.05.15-20:20
-1,1431282600000,com.facebook.katana,0,0,683,806,0,-1,10.05.15-20:30
-1,1431283200000,com.facebook.katana,0,0,27740,7801,0,-1,10.05.15-20:40
-1,1431284400000,com.facebook.katana,0,0,135,135,0,-1,10.05.15-21:00
-1,1431285000000,com.facebook.katana,0,0,7937,3769,0,-1,10.05.15-21:10
-1,1431285600000,com.facebook.katana,0,0,1515,1411,0,-1,10.05.15-21:20
-1,1431285600000,com.facebook.katana,0,0,1237240,89520,1,-1,10.05.15-21:20
-1,1431286200000,com.facebook.katana,0,0,2033,764,0,-1,10.05.15-21:30
-1,1431286800000,com.facebook.katana,0,0,56287,25478,0,-1,10.05.15-21:40
-1,1431287400000,com.facebook.katana,0,0,411,487,0,-1,10.05.15-21:50
-1,1431288000000,com.facebook.katana,0,0,1529,461,0,-1,10.05.15-22:00
-1,1431288600000,com.facebook.katana,0,0,6844,14954,0,-1,10.05.15-22:10
-1,1431289200000,com.facebook.katana,0,0,1084,1178,0,-1,10.05.15-22:20
-1,1431289800000,com.facebook.katana,0,0,1086,1227,0,-1,10.05.15-22:30
-1,1431290400000,com.facebook.katana,0,0,5198,4735,0,-1,10.05.15-22:40
-1,1431291000000,com.facebook.katana,0,0,1117,1636,0,-1,10.05.15-22:50
-1,1431291600000,com.facebook.katana,0,0,1628,1816,0,-1,10.05.15-23:00
-1,1431292200000,com.facebook.katana,0,0,2037,2645,0,-1,10.05.15-23:10
-1,1431292800000,com.facebook.katana,0,0,12562,20828,0,-1,10.05.15-23:20
-1,1431292800000,com.facebook.katana,0,0,10208913,3714016,1,-1,10.05.15-23:20
-1,1431293400000,com.facebook.katana,0,0,1663,1843,0,-1,10.05.15-23:30
-1,1431294000000,com.facebook.katana,0,0,135,135,0,-1,10.05.15-23:40
-1,1431294000000,com.facebook.katana,0,0,102222,24658,1,-1,10.05.15-23:40
-1,1431294600000,com.facebook.katana,0,0,8242,12759,0,-1,10.05.15-23:50
-1,1431294600000,com.facebook.katana,0,0,1188857,97996,1,-1,10.05.15-23:50
-1,1431295200000,com.facebook.katana,0,0,4919,4705,0,-1,11.05.15-00:00
-1,1431295800000,com.facebook.katana,0,0,373791,44955,0,-1,11.05.15-00:10
-1,1431296400000,com.facebook.katana,0,0,2934,2452,0,-1,11.05.15-00:20
-1,1431296400000,com.facebook.katana,0,0,1395265,1176613,1,-1,11.05.15-00:20
-1,1431297000000,com.facebook.katana,0,0,2831,3616,0,-1,11.05.15-00:30
-1,1431297000000,com.facebook.katana,0,0,2263335,845616,1,-1,11.05.15-00:30
-1,1431297600000,com.facebook.katana,0,0,3385,2464,0,-1,11.05.15-00:40
-1,1431297600000,com.facebook.katana,0,0,1039726,159796,1,-1,11.05.15-00:40
-1,1431298200000,com.facebook.katana,0,0,15611,11332,0,-1,11.05.15-00:50
-1,1431298800000,com.facebook.katana,0,0,10254,6638,0,-1,11.05.15-01:00
-1,1431298800000,com.facebook.katana,0,0,1686092,2013350,1,-1,11.05.15-01:00
-1,1431299400000,com.facebook.katana,0,0,2227,2997,0,-1,11.05.15-01:10
-1,1431299400000,com.facebook.katana,0,0,8746,11915,1,-1,11.05.15-01:10
-1,1431300000000,com.facebook.katana,0,0,814,908,0,-1,11.05.15-01:20
-1,1431300600000,com.facebook.katana,0,0,2499,2012,0,-1,11.05.15-01:30
-1,1431300600000,com.facebook.katana,0,0,3666819,2559035,1,-1,11.05.15-01:30
-1,1431301200000,com.facebook.katana,0,0,135,135,0,-1,11.05.15-01:40
-1,1431301800000,com.facebook.katana,0,0,1644,1324,0,-1,11.05.15-01:50
-1,1431301800000,com.facebook.katana,0,0,456560,77334,1,-1,11.05.15-01:50
-1,1431302400000,com.facebook.katana,0,0,902,627,0,-1,11.05.15-02:00
-1,1431303000000,com.facebook.katana,0,0,135,135,0,-1,11.05.15-02:10
-1,1431304200000,com.facebook.katana,0,0,135,135,0,-1,11.05.15-02:30
-1,1431304800000,com.facebook.katana,0,0,135,135,0,-1,11.05.15-02:40
-1,1431305400000,com.facebook.katana,0,0,4767,17500,0,-1,11.05.15-02:50
-1,1431305400000,com.facebook.katana,0,0,711771,123162,1,-1,11.05.15-02:50
-1,1431306000000,com.facebook.katana,0,0,407,454,0,-1,11.05.15-03:00
-1,1431306000000,com.facebook.katana,0,0,5785053,1715383,1,-1,11.05.15-03:00
-1,1431306600000,com.facebook.katana,0,0,4050,4032,0,-1,11.05.15-03:10
-1,1431306600000,com.facebook.katana,0,0,8038607,501307,1,-1,11.05.15-03:10
-1,1431307200000,com.facebook.katana,0,0,272,1111,0,-1,11.05.15-03:20
-1,1431307800000,com.facebook.katana,0,0,1511,2923,0,-1,11.05.15-03:30
-1,1431308400000,com.facebook.katana,0,0,681,822,0,-1,11.05.15-03:40
-1,1431309600000,com.facebook.katana,0,0,272,301,0,-1,11.05.15-04:00
-1,1431310200000,com.facebook.katana,0,0,135,135,0,-1,11.05.15-04:10
-1,1431310800000,com.facebook.katana,0,0,23478,12303,0,-1,11.05.15-04:20
-1,1431311400000,com.facebook.katana,0,0,135,135,0,-1,11.05.15-04:30
-1,1431312000000,com.facebook.katana,0,0,1903,3339,0,-1,11.05.15-04:40
-1,1431313200000,com.facebook.katana,0,0,272,301,0,-1,11.05.15-05:00
-1,1431313800000,com.facebook.katana,0,0,135,135,0,-1,11.05.15-05:10
-1,1431315000000,com.facebook.katana,0,0,135,135,0,-1,11.05.15-05:30
-1,1431315600000,com.facebook.katana,0,0,135,135,0,-1,11.05.15-05:40
-1,1431316800000,com.facebook.katana,0,0,135,135,0,-1,11.05.15-06:00
-1,1431317400000,com.facebook.katana,0,0,135,135,0,-1,11.05.15-06:10
-1,1431318600000,com.facebook.katana,0,0,135,135,0,-1,11.05.15-06:30
-1,1431319200000,com.facebook.katana,0,0,4736,11851,0,-1,11.05.15-06:40
-1,1431320400000,com.facebook.katana,0,0,135,135,0,-1,11.05.15-07:00
-1,1431321000000,com.facebook.katana,0,0,270,270,0,-1,11.05.15-07:10
-1,1431321600000,com.facebook.katana,0,0,19712,18391,0,-1,11.05.15-07:20
-1,1431322200000,com.facebook.katana,0,0,135,135,0,-1,11.05.15-07:30
-1,1431322800000,com.facebook.katana,0,0,3727,3611,0,-1,11.05.15-07:40
-1,1431322800000,com.facebook.katana,0,0,530803,85532,1,-1,11.05.15-07:40
-1,1431323400000,com.facebook.katana,0,0,718,189,0,-1,11.05.15-07:50
-1,1431324000000,com.facebook.katana,0,0,272,301,0,-1,11.05.15-08:00
-1,1431324600000,com.facebook.katana,0,0,135,135,0,-1,11.05.15-08:10
-1,1431325800000,com.facebook.katana,0,0,135,135,0,-1,11.05.15-08:30
-1,1431326400000,com.facebook.katana,0,0,6268,5041,0,-1,11.05.15-08:40
-1,1431327600000,com.facebook.katana,0,0,135,135,0,-1,11.05.15-09:00
-1,1431328200000,com.facebook.katana,0,0,135,135,0,-1,11.05.15-09:10
-1,1431328800000,com.facebook.katana,0,0,34474,28713,1,-1,11.05.15-09:20
-1,1431329400000,com.facebook.katana,0,0,8117,3730,0,-1,11.05.15-09:30
-1,1431330000000,com.facebook.katana,0,0,681,757,0,-1,11.05.15-09:40
-1,1431331200000,com.facebook.katana,0,0,135,135,0,-1,11.05.15-10:00
-1,1431331800000,com.facebook.katana,0,0,10343,5819,0,-1,11.05.15-10:10
-1,1431331800000,com.facebook.katana,0,0,10723,15386,1,-1,11.05.15-10:10
-1,1431332400000,com.facebook.katana,0,0,3410,4575,0,-1,11.05.15-10:20
-1,1431333000000,com.facebook.katana,0,0,135,135,0,-1,11.05.15-10:30
-1,1431333600000,com.facebook.katana,0,0,2331,1019,0,-1,11.05.15-10:40
-1,1431334200000,com.facebook.katana,0,0,10415,10809,0,-1,11.05.15-10:50
-1,1431334200000,com.facebook.katana,0,0,5224347,3464484,1,-1,11.05.15-10:50
-1,1431334800000,com.facebook.katana,0,0,1088,1276,0,-1,11.05.15-11:00
-1,1431335400000,com.facebook.katana,0,0,2327,1967,0,-1,11.05.15-11:10
-1,1431335400000,com.facebook.katana,0,0,8701871,4448166,1,-1,11.05.15-11:10
-1,1431336000000,com.facebook.katana,0,0,6019,13795,0,-1,11.05.15-11:20
-1,1431336600000,com.facebook.katana,0,0,679,773,0,-1,11.05.15-11:30
-1,1431337200000,com.facebook.katana,0,0,135,135,0,-1,11.05.15-11:40
-1,1431338400000,com.facebook.katana,0,0,135,135,0,-1,11.05.15-12:00
-1,1431339000000,com.facebook.katana,0,0,22623,14699,0,-1,11.05.15-12:10
-1,1431340200000,com.facebook.katana,0,0,83,135,0,-1,11.05.15-12:30
-1,1431340800000,com.facebook.katana,0,0,135,135,0,-1,11.05.15-12:40
-1,1431341400000,com.facebook.katana,0,0,6408,5498,0,-1,11.05.15-12:50
-1,1431342000000,com.facebook.katana,0,0,407,454,0,-1,11.05.15-13:00
-1,1431342600000,com.facebook.katana,0,0,764,1591,0,-1,11.05.15-13:10
-1,1431343200000,com.facebook.katana,0,0,546,622,0,-1,11.05.15-13:20
-1,1431343800000,com.facebook.katana,0,0,7175,3378,0,-1,11.05.15-13:30
-1,1431344400000,com.facebook.katana,0,0,2107,5748,0,-1,11.05.15-13:40
-1,1431345000000,com.facebook.katana,0,0,407,454,0,-1,11.05.15-13:50
-1,1431345600000,com.facebook.katana,0,0,951,1092,0,-1,11.05.15-14:00
-1,1431346200000,com.facebook.katana,0,0,677,724,0,-1,11.05.15-14:10
-1,1431346800000,com.facebook.katana,0,0,23226,7159,0,-1,11.05.15-14:20
-1,1431346800000,com.facebook.katana,0,0,598900,65776,1,-1,11.05.15-14:20
-1,1431347400000,com.facebook.katana,0,0,1324,1390,0,-1,11.05.15-14:30
-1,1431348000000,com.facebook.katana,0,0,947,994,0,-1,11.05.15-14:40
-1,1431348600000,com.facebook.katana,0,0,675,675,0,-1,11.05.15-14:50
-1,1431349200000,com.facebook.katana,0,0,30371,20198,0,-1,11.05.15-15:00
-1,1431349800000,com.facebook.katana,0,0,33865,49367,0,-1,11.05.15-15:10
-1,1431350400000,com.facebook.katana,0,0,6026,14917,0,-1,11.05.15-15:20
-1,1431351000000,com.facebook.katana,0,0,4786,2396,0,-1,11.05.15-15:30
-1,1431351600000,com.facebook.katana,0,0,7604,2242,0,-1,11.05.15-15:40
-1,1431352200000,com.facebook.katana,0,0,20191,16415,0,-1,11.05.15-15:50
-1,1431352800000,com.facebook.katana,0,0,135,135,0,-1,11.05.15-16:00
-1,1431353400000,com.facebook.katana,0,0,1501,1794,0,-1,11.05.15-16:10
-1,1431354000000,com.facebook.katana,0,0,61029,47473,0,-1,11.05.15-16:20
-1,1431354600000,com.facebook.katana,0,0,679,773,0,-1,11.05.15-16:30
-1,1431355200000,com.facebook.katana,0,0,18773,3486,0,-1,11.05.15-16:40
-1,1431355800000,com.facebook.katana,0,0,137,184,0,-1,11.05.15-16:50
-1,1431356400000,com.facebook.katana,0,0,9374,6128,0,-1,11.05.15-17:00
-1,1431357000000,com.facebook.katana,0,0,23341,17629,0,-1,11.05.15-17:10
-1,1431357600000,com.facebook.katana,0,0,272,319,0,-1,11.05.15-17:20
-1,1431358200000,com.facebook.katana,0,0,820,972,0,-1,11.05.15-17:30
-1,1431358800000,com.facebook.katana,0,0,135,135,0,-1,11.05.15-17:40
-1,1431359400000,com.facebook.katana,0,0,816,957,0,-1,11.05.15-17:50
-1,1431360000000,com.facebook.katana,0,0,683,788,0,-1,11.05.15-18:00
-1,1431360600000,com.facebook.katana,0,0,1194,1245,0,-1,11.05.15-18:10
-1,1431361200000,com.facebook.katana,0,0,818,1006,0,-1,11.05.15-18:20
-1,1431361800000,com.facebook.katana,0,0,272,319,0,-1,11.05.15-18:30
-1,1431362400000,com.facebook.katana,0,0,272,301,0,-1,11.05.15-18:40
-1,1431363000000,com.facebook.katana,0,0,1219,1180,0,-1,11.05.15-18:50
-1,1431363600000,com.facebook.katana,0,0,4795,6645,0,-1,11.05.15-19:00
-1,1431364200000,com.facebook.katana,0,0,1360,1595,0,-1,11.05.15-19:10
-1,1431364800000,com.facebook.katana,0,0,407,454,0,-1,11.05.15-19:20
-1,1431365400000,com.facebook.katana,0,0,3012,13893,0,-1,11.05.15-19:30
-1,1431366000000,com.facebook.katana,0,0,951,1092,0,-1,11.05.15-19:40
-1,1431366600000,com.facebook.katana,0,0,6056,5649,0,-1,11.05.15-19:50
-1,1431366600000,com.facebook.katana,0,0,1228986,72108,1,-1,11.05.15-19:50
-1,1431367200000,com.facebook.katana,0,0,2728,2839,0,-1,11.05.15-20:00
-1,1431367800000,com.facebook.katana,0,0,1493,1681,0,-1,11.05.15-20:10
-1,1431368400000,com.facebook.katana,0,0,544,638,0,-1,11.05.15-20:20
-1,1431369000000,com.facebook.katana,0,0,1219,1313,0,-1,11.05.15-20:30
-1,1431369600000,com.facebook.katana,0,0,12559,6538,0,-1,11.05.15-20:40
-1,1431370200000,com.facebook.katana,0,0,5139,3302,0,-1,11.05.15-20:50
-1,1431370800000,com.facebook.katana,0,0,7709,6452,0,-1,11.05.15-21:00
-1,1431371400000,com.facebook.katana,0,0,9217,4021,0,-1,11.05.15-21:10
-1,1431372000000,com.facebook.katana,0,0,814,908,0,-1,11.05.15-21:20
-1,1431372600000,com.facebook.katana,0,0,270,270,0,-1,11.05.15-21:30
-1,1431373200000,com.facebook.katana,0,0,25193,10606,0,-1,11.05.15-21:40
-1,1431373800000,com.facebook.katana,0,0,270,405,0,-1,11.05.15-21:50
-1,1431374400000,com.facebook.katana,0,0,8556,6828,0,-1,11.05.15-22:00
-1,1431374400000,com.facebook.katana,0,0,500665,69015,1,-1,11.05.15-22:00
-1,1431375000000,com.facebook.katana,0,0,1219,1313,0,-1,11.05.15-22:10
-1,1431375600000,com.facebook.katana,0,0,16253,5533,0,-1,11.05.15-22:20
-1,1431376200000,com.facebook.katana,0,0,75862,15381,0,-1,11.05.15-22:30
-1,1431376800000,com.facebook.katana,0,0,71167,27669,0,-1,11.05.15-22:40
-1,1431377400000,com.facebook.katana,0,0,703,426,0,-1,11.05.15-22:50
-1,1431378000000,com.facebook.katana,0,0,9260,5960,0,-1,11.05.15-23:00
-1,1431378600000,com.facebook.katana,0,0,52843,45609,0,-1,11.05.15-23:10
-1,1431379200000,com.facebook.katana,0,0,17298,10903,0,-1,11.05.15-23:20
-1,1431379200000,com.facebook.katana,0,0,250215,57250,1,-1,11.05.15-23:20
-1,1431379800000,com.facebook.katana,0,0,12504,17006,0,-1,11.05.15-23:30
-1,1431380400000,com.facebook.katana,0,0,2432,1285,0,-1,11.05.15-23:40
-1,1431381000000,com.facebook.katana,0,0,14805,7379,0,-1,11.05.15-23:50
-1,1431381600000,com.facebook.katana,0,0,352,187,0,-1,12.05.15-00:00
-1,1431382200000,com.facebook.katana,0,0,135,135,0,-1,12.05.15-00:10
-1,1431382800000,com.facebook.katana,0,0,1511,2773,0,-1,12.05.15-00:20
-1,1431383400000,com.facebook.katana,0,0,2343,1996,0,-1,12.05.15-00:30
-1,1431383400000,com.facebook.katana,0,0,28452,23267,1,-1,12.05.15-00:30
-1,1431384000000,com.facebook.katana,0,0,11302,7126,0,-1,12.05.15-00:40
-1,1431384000000,com.facebook.katana,0,0,5841759,1221751,1,-1,12.05.15-00:40
-1,1431384600000,com.facebook.katana,0,0,721303,65644,1,-1,12.05.15-00:50
-1,1431385200000,com.facebook.katana,0,0,949,1012,0,-1,12.05.15-01:00
-1,1431385200000,com.facebook.katana,0,0,55679458,36324863,1,-1,12.05.15-01:00
-1,1431385800000,com.facebook.katana,0,0,4668,8012,0,-1,12.05.15-01:10
-1,1431385800000,com.facebook.katana,0,0,30602166,24454545,1,-1,12.05.15-01:10
-1,1431386400000,com.facebook.katana,0,0,819,452,0,-1,12.05.15-01:20
-1,1431386400000,com.facebook.katana,0,0,11066318,10722594,1,-1,12.05.15-01:20
-1,1431387000000,com.facebook.katana,0,0,2522,1956,0,-1,12.05.15-01:30
-1,1431387000000,com.facebook.katana,0,0,5843283,4489696,1,-1,12.05.15-01:30
-1,1431387600000,com.facebook.katana,0,0,135,135,0,-1,12.05.15-01:40
-1,1431388200000,com.facebook.katana,0,0,1543,359,0,-1,12.05.15-01:50
-1,1431388800000,com.facebook.katana,0,0,135,135,0,-1,12.05.15-02:00
-1,1431389400000,com.facebook.katana,0,0,135,135,0,-1,12.05.15-02:10
-1,1431390000000,com.facebook.katana,0,0,25633,15898,0,-1,12.05.15-02:20
-1,1431390600000,com.facebook.katana,0,0,1189,811,0,-1,12.05.15-02:30
-1,1431390600000,com.facebook.katana,0,0,4100336,425904,1,-1,12.05.15-02:30
-1,1431391200000,com.facebook.katana,0,0,3102,2627,0,-1,12.05.15-02:40
-1,1431391200000,com.facebook.katana,0,0,947340,147536,1,-1,12.05.15-02:40
-1,1431391800000,com.facebook.katana,0,0,679,773,0,-1,12.05.15-02:50
-1,1431391800000,com.facebook.katana,0,0,2015323,191323,1,-1,12.05.15-02:50
-1,1431392400000,com.facebook.katana,0,0,1109,1205,0,-1,12.05.15-03:00
-1,1431392400000,com.facebook.katana,0,0,487439,459857,1,-1,12.05.15-03:00
-1,1431393000000,com.facebook.katana,0,0,15049,8105,0,-1,12.05.15-03:10
-1,1431394200000,com.facebook.katana,0,0,135,135,0,-1,12.05.15-03:30
-1,1431394800000,com.facebook.katana,0,0,135,135,0,-1,12.05.15-03:40
-1,1431396000000,com.facebook.katana,0,0,4129,14654,0,-1,12.05.15-04:00
-1,1431396600000,com.facebook.katana,0,0,135,135,0,-1,12.05.15-04:10
-1,1431397800000,com.facebook.katana,0,0,866,2102,0,-1,12.05.15-04:30
-1,1431398400000,com.facebook.katana,0,0,135,135,0,-1,12.05.15-04:40
-1,1431399600000,com.facebook.katana,0,0,135,135,0,-1,12.05.15-05:00
-1,1431400200000,com.facebook.katana,0,0,9632,6274,0,-1,12.05.15-05:10
-1,1431400800000,com.facebook.katana,0,0,1631,3071,0,-1,12.05.15-05:20
-1,1431401400000,com.facebook.katana,0,0,2922,5162,0,-1,12.05.15-05:30
-1,1431401400000,com.facebook.katana,0,0,590135,60009,1,-1,12.05.15-05:30
-1,1431402000000,com.facebook.katana,0,0,135,135,0,-1,12.05.15-05:40
-1,1431402600000,com.facebook.katana,0,0,137,166,0,-1,12.05.15-05:50
-1,1431403200000,com.facebook.katana,0,0,405,405,0,-1,12.05.15-06:00
-1,1431403800000,com.facebook.katana,0,0,135,135,0,-1,12.05.15-06:10
-1,1431405000000,com.facebook.katana,0,0,135,135,0,-1,12.05.15-06:30
-1,1431405600000,com.facebook.katana,0,0,135,135,0,-1,12.05.15-06:40
-1,1431406200000,com.facebook.katana,0,0,20584,6304,0,-1,12.05.15-06:50
-1,1431406800000,com.facebook.katana,0,0,135,135,0,-1,12.05.15-07:00
-1,1431407400000,com.facebook.katana,0,0,135,135,0,-1,12.05.15-07:10
-1,1431408600000,com.facebook.katana,0,0,3154,5037,0,-1,12.05.15-07:30
-1,1431409200000,com.facebook.katana,0,0,135,135,0,-1,12.05.15-07:40
-1,1431410400000,com.facebook.katana,0,0,135,135,0,-1,12.05.15-08:00
-1,1431411000000,com.facebook.katana,0,0,8483,14522,0,-1,12.05.15-08:10
-1,1431411600000,com.facebook.katana,0,0,4431,3391,0,-1,12.05.15-08:20
-1,1431411600000,com.facebook.katana,0,0,641051,77246,1,-1,12.05.15-08:20
-1,1431412200000,com.facebook.katana,0,0,6448,4936,0,-1,12.05.15-08:30
-1,1431412200000,com.facebook.katana,0,0,176326,28168,1,-1,12.05.15-08:30
-1,1431412800000,com.facebook.katana,0,0,6650,2098,0,-1,12.05.15-08:40
-1,1431413400000,com.facebook.katana,0,0,22087,10543,0,-1,12.05.15-08:50
-1,1431414000000,com.facebook.katana,0,0,7390,3302,0,-1,12.05.15-09:00
-1,1431414600000,com.facebook.katana,0,0,3722,1645,0,-1,12.05.15-09:10
-1,1431415800000,com.facebook.katana,0,0,28469,21406,0,-1,12.05.15-09:30
-1,1431416400000,com.facebook.katana,0,0,11771,5845,0,-1,12.05.15-09:40
-1,1431417000000,com.facebook.katana,0,0,460,894,0,-1,12.05.15-09:50
-1,1431417600000,com.facebook.katana,0,0,1534,2131,0,-1,12.05.15-10:00
-1,1431418200000,com.facebook.katana,0,0,3617,1645,0,-1,12.05.15-10:10
-1,1431418800000,com.facebook.katana,0,0,31114,31634,0,-1,12.05.15-10:20
-1,1431419400000,com.facebook.katana,0,0,4397,2165,0,-1,12.05.15-10:30
-1,1431419400000,com.facebook.katana,0,0,28254,42436,1,-1,12.05.15-10:30
-1,1431420000000,com.facebook.katana,0,0,40,312,0,-1,12.05.15-10:40
-1,1431420600000,com.facebook.katana,0,0,19139,6716,1,-1,12.05.15-10:50
-1,1431426600000,com.facebook.katana,0,0,8979,6287,0,-1,12.05.15-12:30
-1,1431427800000,com.facebook.katana,0,0,5162,4731,1,-1,12.05.15-12:50
-1,1431430200000,com.facebook.katana,0,0,5627,4639,1,-1,12.05.15-13:30
-1,1431435000000,com.facebook.katana,0,0,4295,2581,0,-1,12.05.15-14:50
-1,1431440400000,com.facebook.katana,0,0,4482,2867,0,-1,12.05.15-16:20
-1,1431442800000,com.facebook.katana,0,0,4295,3095,0,-1,12.05.15-17:00
-1,1431448800000,com.facebook.katana,0,0,4296,3513,0,-1,12.05.15-18:40
-1,1431451200000,com.facebook.katana,0,0,4429,3096,0,-1,12.05.15-19:20
-1,1431454200000,com.facebook.katana,0,0,4295,2741,0,-1,12.05.15-20:10
-1,1431454800000,com.facebook.katana,0,0,0,135,0,-1,12.05.15-20:20
-1,1431457800000,com.facebook.katana,0,0,120,180,0,-1,12.05.15-21:10
-1,1431459600000,com.facebook.katana,0,0,5453,5249,0,-1,12.05.15-21:40
-1,1431460200000,com.facebook.katana,0,0,13890,9698,0,-1,12.05.15-21:50
-1,1431460200000,com.facebook.katana,0,0,4011095,2029650,1,-1,12.05.15-21:50
-1,1431460800000,com.facebook.katana,0,0,2585,7339,0,-1,12.05.15-22:00
-1,1431461400000,com.facebook.katana,0,0,490,1420,0,-1,12.05.15-22:10
-1,1431462600000,com.facebook.katana,0,0,490,1420,0,-1,12.05.15-22:30
-1,1431463200000,com.facebook.katana,0,0,490,1420,0,-1,12.05.15-22:40
-1,1431464400000,com.facebook.katana,0,0,8301,4673,0,-1,12.05.15-23:00
-1,1431465000000,com.facebook.katana,0,0,0,135,0,-1,12.05.15-23:10
-1,1431465600000,com.facebook.katana,0,0,3720,1651,0,-1,12.05.15-23:20
-1,1431466200000,com.facebook.katana,0,0,11918279,1071102,1,-1,12.05.15-23:30
-1,1431466800000,com.facebook.katana,0,0,16289,14836,0,-1,12.05.15-23:40
-1,1431466800000,com.facebook.katana,0,0,4671,6818,1,-1,12.05.15-23:40
-1,1431467400000,com.facebook.katana,0,0,13319,9172,0,-1,12.05.15-23:50
-1,1431468000000,com.facebook.katana,0,0,1776,1770,0,-1,13.05.15-00:00
-1,1431468600000,com.facebook.katana,0,0,1493,1681,0,-1,13.05.15-00:10
-1,1431469200000,com.facebook.katana,0,0,715,1403,0,-1,13.05.15-00:20
-1,1431469800000,com.facebook.katana,0,0,38455,27113,0,-1,13.05.15-00:30
-1,1431469800000,com.facebook.katana,0,0,7644386,1577510,1,-1,13.05.15-00:30
-1,1431470400000,com.facebook.katana,0,0,814,908,0,-1,13.05.15-00:40
-1,1431471000000,com.facebook.katana,0,0,29502,15069,0,-1,13.05.15-00:50
-1,1431471600000,com.facebook.katana,0,0,762,920,0,-1,13.05.15-01:00
-1,1431471600000,com.facebook.katana,0,0,3758601,312333,1,-1,13.05.15-01:00
-1,1431472200000,com.facebook.katana,0,0,5463,5618,0,-1,13.05.15-01:10
-1,1431472200000,com.facebook.katana,0,0,579329,75616,1,-1,13.05.15-01:10
-1,1431472800000,com.facebook.katana,0,0,2960,3511,0,-1,13.05.15-01:20
-1,1431473400000,com.facebook.katana,0,0,6513,10084,0,-1,13.05.15-01:30
-1,1431474000000,com.facebook.katana,0,0,4972,8656,0,-1,13.05.15-01:40
-1,1431474600000,com.facebook.katana,0,0,135,104,0,-1,13.05.15-01:50
-1,1431475200000,com.facebook.katana,0,0,3276,4241,0,-1,13.05.15-02:00
-1,1431475200000,com.facebook.katana,0,0,4621720,1716222,1,-1,13.05.15-02:00
-1,1431475800000,com.facebook.katana,0,0,10812,26362,0,-1,13.05.15-02:10
-1,1431476400000,com.facebook.katana,0,0,6512,2813,0,-1,13.05.15-02:20
-1,1431477000000,com.facebook.katana,0,0,54126,8617,0,-1,13.05.15-02:30
-1,1431477000000,com.facebook.katana,0,0,711853,64069,1,-1,13.05.15-02:30
-1,1431477600000,com.facebook.katana,0,0,2165640,2142081,0,-1,13.05.15-02:40
-1,1431477600000,com.facebook.katana,0,0,3660436,1498883,1,-1,13.05.15-02:40
-1,1431478800000,com.facebook.katana,0,0,3737,7538,0,-1,13.05.15-03:00
-1,1431479400000,com.facebook.katana,0,0,1684,3075,0,-1,13.05.15-03:10
-1,1431480000000,com.facebook.katana,0,0,272,319,0,-1,13.05.15-03:20
-1,1431480600000,com.facebook.katana,0,0,5004,2649,0,-1,13.05.15-03:30
-1,1431481200000,com.facebook.katana,0,0,135,135,0,-1,13.05.15-03:40
-1,1431482400000,com.facebook.katana,0,0,546,622,0,-1,13.05.15-04:00
-1,1431483000000,com.facebook.katana,0,0,135,135,0,-1,13.05.15-04:10
-1,1431484200000,com.facebook.katana,0,0,15738,21259,0,-1,13.05.15-04:30
-1,1431484800000,com.facebook.katana,0,0,135,135,0,-1,13.05.15-04:40
-1,1431485400000,com.facebook.katana,0,0,137,166,0,-1,13.05.15-04:50
-1,1431486000000,com.facebook.katana,0,0,135,135,0,-1,13.05.15-05:00
-1,1431486600000,com.facebook.katana,0,0,4267,2641,0,-1,13.05.15-05:10
-1,1431487800000,com.facebook.katana,0,0,135,135,0,-1,13.05.15-05:30
-1,1431488400000,com.facebook.katana,0,0,135,135,0,-1,13.05.15-05:40
-1,1431489600000,com.facebook.katana,0,0,135,135,0,-1,13.05.15-06:00
-1,1431490200000,com.facebook.katana,0,0,135,135,0,-1,13.05.15-06:10
-1,1431491400000,com.facebook.katana,0,0,9622,9306,0,-1,13.05.15-06:30
-1,1431492000000,com.facebook.katana,0,0,135,135,0,-1,13.05.15-06:40
-1,1431492600000,com.facebook.katana,0,0,11123,7503,0,-1,13.05.15-06:50
-1,1431493200000,com.facebook.katana,0,0,13768,5402,0,-1,13.05.15-07:00
-1,1431493800000,com.facebook.katana,0,0,135,135,0,-1,13.05.15-07:10
-1,1431495000000,com.facebook.katana,0,0,135,135,0,-1,13.05.15-07:30
-1,1431495600000,com.facebook.katana,0,0,7153,2693,0,-1,13.05.15-07:40
-1,1431496800000,com.facebook.katana,0,0,135,135,0,-1,13.05.15-08:00
-1,1431497400000,com.facebook.katana,0,0,135,135,0,-1,13.05.15-08:10
-1,1431498600000,com.facebook.katana,0,0,135,135,0,-1,13.05.15-08:30
-1,1431499200000,com.facebook.katana,0,0,135,135,0,-1,13.05.15-08:40
-1,1431500400000,com.facebook.katana,0,0,135,135,0,-1,13.05.15-09:00
-1,1431501000000,com.facebook.katana,0,0,37423,26842,0,-1,13.05.15-09:10
-1,1431502200000,com.facebook.katana,0,0,11247,10511,0,-1,13.05.15-09:30
-1,1431502800000,com.facebook.katana,0,0,22310,6537,0,-1,13.05.15-09:40
-1,1431503400000,com.facebook.katana,0,0,8075,2774,0,-1,13.05.15-09:50
-1,1431504000000,com.facebook.katana,0,0,7124,4582,0,-1,13.05.15-10:00
-1,1431504600000,com.facebook.katana,0,0,607,239,0,-1,13.05.15-10:10
-1,1431505200000,com.facebook.katana,0,0,4475,7958,0,-1,13.05.15-10:20
-1,1431505800000,com.facebook.katana,0,0,7971,3489,0,-1,13.05.15-10:30
-1,1431505800000,com.facebook.katana,0,0,4265002,2956449,1,-1,13.05.15-10:30
-1,1431506400000,com.facebook.katana,0,0,3204,3085,0,-1,13.05.15-10:40
-1,1431506400000,com.facebook.katana,0,0,8030607,4020078,1,-1,13.05.15-10:40
-1,1431507000000,com.facebook.katana,0,0,405,405,0,-1,13.05.15-10:50
-1,1431507600000,com.facebook.katana,0,0,1088,1276,0,-1,13.05.15-11:00
-1,1431508200000,com.facebook.katana,0,0,23807,10873,0,-1,13.05.15-11:10
-1,1431508800000,com.facebook.katana,0,0,8346,2828,0,-1,13.05.15-11:20
-1,1431509400000,com.facebook.katana,0,0,1088,1211,0,-1,13.05.15-11:30
-1,1431510000000,com.facebook.katana,0,0,1356,1497,0,-1,13.05.15-11:40
-1,1431510600000,com.facebook.katana,0,0,26950,19673,0,-1,13.05.15-11:50
-1,1431511200000,com.facebook.katana,0,0,4379,6625,0,-1,13.05.15-12:00
-1,1431511800000,com.facebook.katana,0,0,1211,861,0,-1,13.05.15-12:10
-1,1431512400000,com.facebook.katana,0,0,681,822,0,-1,13.05.15-12:20
-1,1431513000000,com.facebook.katana,0,0,2414,14050,0,-1,13.05.15-12:30
-1,1431513600000,com.facebook.katana,0,0,5428,19102,0,-1,13.05.15-12:40
-1,1431514200000,com.facebook.katana,0,0,12324,4850,0,-1,13.05.15-12:50
-1,1431514800000,com.facebook.katana,0,0,15725,14121,0,-1,13.05.15-13:00
-1,1431515400000,com.facebook.katana,0,0,681,822,0,-1,13.05.15-13:10
-1,1431516000000,com.facebook.katana,0,0,8223,18085,0,-1,13.05.15-13:20
-1,1431516600000,com.facebook.katana,0,0,679,773,0,-1,13.05.15-13:30
-1,1431517200000,com.facebook.katana,0,0,679,773,0,-1,13.05.15-13:40
-1,1431517800000,com.facebook.katana,0,0,544,638,0,-1,13.05.15-13:50
-1,1431518400000,com.facebook.katana,0,0,544,638,0,-1,13.05.15-14:00
-1,1431519000000,com.facebook.katana,0,0,951,1092,0,-1,13.05.15-14:10
-1,1431519600000,com.facebook.katana,0,0,8773,5056,0,-1,13.05.15-14:20
-1,1431520200000,com.facebook.katana,0,0,8210,3899,0,-1,13.05.15-14:30
-1,1431520800000,com.facebook.katana,0,0,742,592,0,-1,13.05.15-14:40
-1,1431521400000,com.facebook.katana,0,0,814,908,0,-1,13.05.15-14:50
-1,1431522000000,com.facebook.katana,0,0,814,908,0,-1,13.05.15-15:00
-1,1431522600000,com.facebook.katana,0,0,25136,11022,0,-1,13.05.15-15:10
-1,1431523200000,com.facebook.katana,0,0,4103,5731,0,-1,13.05.15-15:20
-1,1431523800000,com.facebook.katana,0,0,1966,2689,0,-1,13.05.15-15:30
-1,1431525600000,com.facebook.katana,0,0,7318,6614,0,-1,13.05.15-16:00
-1,1431526200000,com.facebook.katana,0,0,272,301,0,-1,13.05.15-16:10
-1,1431527400000,com.facebook.katana,0,0,135,135,0,-1,13.05.15-16:30
-1,1431528000000,com.facebook.katana,0,0,135,135,0,-1,13.05.15-16:40
-1,1431529200000,com.facebook.katana,0,0,135,135,0,-1,13.05.15-17:00
-1,1431529800000,com.facebook.katana,0,0,7905,6487,0,-1,13.05.15-17:10
-1,1431530400000,com.facebook.katana,0,0,18854,26038,0,-1,13.05.15-17:20
-1,1431531000000,com.facebook.katana,0,0,542,589,0,-1,13.05.15-17:30
-1,1431531600000,com.facebook.katana,0,0,814,908,0,-1,13.05.15-17:40
-1,1431532200000,com.facebook.katana,0,0,544,638,0,-1,13.05.15-17:50
-1,1431532800000,com.facebook.katana,0,0,27280,9553,0,-1,13.05.15-18:00
-1,1431533400000,com.facebook.katana,0,0,1618,3111,0,-1,13.05.15-18:10
-1,1431545400000,com.facebook.katana,0,0,30453843,14728507,0,-1,13.05.15-21:30
-1,1431546000000,com.facebook.katana,0,0,940,1215,0,-1,13.05.15-21:40
-1,1431546600000,com.facebook.katana,0,0,81944,18968,0,-1,13.05.15-21:50
-1,1431547200000,com.facebook.katana,0,0,585,1126,0,-1,13.05.15-22:00
-1,1431547800000,com.facebook.katana,0,0,5456,3943,0,-1,13.05.15-22:10
-1,1431548400000,com.facebook.katana,0,0,818,1006,0,-1,13.05.15-22:20
-1,1431549000000,com.facebook.katana,0,0,542,589,0,-1,13.05.15-22:30
-1,1431549600000,com.facebook.katana,0,0,949,1043,0,-1,13.05.15-22:40
-1,1431550200000,com.facebook.katana,0,0,1698,1537,0,-1,13.05.15-22:50
-1,1431550800000,com.facebook.katana,0,0,25904,15599,0,-1,13.05.15-23:00
-1,1431551400000,com.facebook.katana,0,0,2658,3039,0,-1,13.05.15-23:10
-1,1431551400000,com.facebook.katana,0,0,140211,62112,1,-1,13.05.15-23:10
-1,1431552000000,com.facebook.katana,0,0,14771,5937,0,-1,13.05.15-23:20
-1,1431552600000,com.facebook.katana,0,0,9901,6430,0,-1,13.05.15-23:30
-1,1431553200000,com.facebook.katana,0,0,9533,3869,0,-1,13.05.15-23:40
-1,1431553800000,com.facebook.katana,0,0,6000,4109,0,-1,13.05.15-23:50
-1,1431554400000,com.facebook.katana,0,0,1472,2726,0,-1,14.05.15-00:00
-1,1431555000000,com.facebook.katana,0,0,2581,4242,0,-1,14.05.15-00:10
-1,1431555600000,com.facebook.katana,0,0,7620,10393,0,-1,14.05.15-00:20
-1,1431556200000,com.facebook.katana,0,0,5298,2840,0,-1,14.05.15-00:30
-1,1431556800000,com.facebook.katana,0,0,270,270,0,-1,14.05.15-00:40
-1,1431557400000,com.facebook.katana,0,0,33491,15568,0,-1,14.05.15-00:50
-1,1431558000000,com.facebook.katana,0,0,135,135,0,-1,14.05.15-01:00
-1,1431558600000,com.facebook.katana,0,0,406,239,0,-1,14.05.15-01:10
-1,1431559200000,com.facebook.katana,0,0,9442,22562,0,-1,14.05.15-01:20
-1,1431559200000,com.facebook.katana,0,0,4761934,3212726,1,-1,14.05.15-01:20
-1,1431559800000,com.facebook.katana,0,0,2837,3843,0,-1,14.05.15-01:30
-1,1431559800000,com.facebook.katana,0,0,293009,32885,1,-1,14.05.15-01:30
-1,1431560400000,com.facebook.katana,0,0,409,485,0,-1,14.05.15-01:40
-1,1431561000000,com.facebook.katana,0,0,1850,2005,0,-1,14.05.15-01:50
-1,1431561000000,com.facebook.katana,0,0,138758,33553,1,-1,14.05.15-01:50
-1,1431561600000,com.facebook.katana,0,0,2165,2640,0,-1,14.05.15-02:00
-1,1431574200000,com.facebook.katana,0,0,210113,82832,0,-1,14.05.15-05:30
-1,1431574800000,com.facebook.katana,0,0,272,301,0,-1,14.05.15-05:40
-1,1431576000000,com.facebook.katana,0,0,135,135,0,-1,14.05.15-06:00
-1,1431576600000,com.facebook.katana,0,0,135,135,0,-1,14.05.15-06:10
-1,1431577800000,com.facebook.katana,0,0,6495,7187,0,-1,14.05.15-06:30
-1,1431578400000,com.facebook.katana,0,0,135,135,0,-1,14.05.15-06:40
-1,1431579600000,com.facebook.katana,0,0,9096,7128,0,-1,14.05.15-07:00
-1,1431580200000,com.facebook.katana,0,0,529,505,0,-1,14.05.15-07:10
-1,1431580200000,com.facebook.katana,0,0,18402,16904,1,-1,14.05.15-07:10
-1,1431580800000,com.facebook.katana,0,0,923,970,0,-1,14.05.15-07:20
-1,1431581400000,com.facebook.katana,0,0,135,135,0,-1,14.05.15-07:30
-1,1431582000000,com.facebook.katana,0,0,135,135,0,-1,14.05.15-07:40
-1,1431583200000,com.facebook.katana,0,0,135,135,0,-1,14.05.15-08:00
-1,1431583800000,com.facebook.katana,0,0,135,135,0,-1,14.05.15-08:10
-1,1431584400000,com.facebook.katana,0,0,22994,8710,0,-1,14.05.15-08:20
-1,1431585000000,com.facebook.katana,0,0,4479,7514,0,-1,14.05.15-08:30
-1,1431585600000,com.facebook.katana,0,0,22440,6868,0,-1,14.05.15-08:40
-1,1431586800000,com.facebook.katana,0,0,135,135,0,-1,14.05.15-09:00
-1,1431587400000,com.facebook.katana,0,0,683,806,0,-1,14.05.15-09:10
-1,1431588000000,com.facebook.katana,0,0,137,166,0,-1,14.05.15-09:20
-1,1431588600000,com.facebook.katana,0,0,5370,12963,0,-1,14.05.15-09:30
-1,1431589200000,com.facebook.katana,0,0,135,135,0,-1,14.05.15-09:40
-1,1431590400000,com.facebook.katana,0,0,135,135,0,-1,14.05.15-10:00
-1,1431591000000,com.facebook.katana,0,0,135,135,0,-1,14.05.15-10:10
-1,1431591600000,com.facebook.katana,0,0,4356,2185,0,-1,14.05.15-10:20
-1,1431592200000,com.facebook.katana,0,0,1516,1709,0,-1,14.05.15-10:30
-1,1431592200000,com.facebook.katana,0,0,112016,33998,1,-1,14.05.15-10:30
-1,1431592800000,com.facebook.katana,0,0,22019,5027,0,-1,14.05.15-10:40
-1,1431609600000,com.facebook.katana,0,0,2811148,276703,0,-1,14.05.15-15:20
-1,1431610200000,com.facebook.katana,0,0,272,319,0,-1,14.05.15-15:30
-1,1431610800000,com.facebook.katana,0,0,1436,1499,0,-1,14.05.15-15:40
-1,1431610800000,com.facebook.katana,0,0,997521,107539,1,-1,14.05.15-15:40
-1,1431611400000,com.facebook.katana,0,0,2595,2435,0,-1,14.05.15-15:50
-1,1431612000000,com.facebook.katana,0,0,683,788,0,-1,14.05.15-16:00
-1,1431612600000,com.facebook.katana,0,0,405,429,0,-1,14.05.15-16:10
-1,1431613200000,com.facebook.katana,0,0,270,270,0,-1,14.05.15-16:20
-1,1431613800000,com.facebook.katana,0,0,270,270,0,-1,14.05.15-16:30
-1,1431614400000,com.facebook.katana,0,0,3316,2208,0,-1,14.05.15-16:40
-1,1431615000000,com.facebook.katana,0,0,21095,12084,0,-1,14.05.15-16:50
-1,1431615600000,com.facebook.katana,0,0,23334,8232,0,-1,14.05.15-17:00
-1,1431616200000,com.facebook.katana,0,0,323,187,0,-1,14.05.15-17:10
-1,1431617400000,com.facebook.katana,0,0,31406,23079,0,-1,14.05.15-17:30
-1,1431618000000,com.facebook.katana,0,0,55342,36836,0,-1,14.05.15-17:40
-1,1431618000000,com.facebook.katana,0,0,746842,103220,1,-1,14.05.15-17:40
-1,1431618600000,com.facebook.katana,0,0,12399,21561,0,-1,14.05.15-17:50
-1,1431619200000,com.facebook.katana,0,0,135,135,0,-1,14.05.15-18:00
-1,1431619800000,com.facebook.katana,0,0,6503,7739,0,-1,14.05.15-18:10
-1,1431620400000,com.facebook.katana,0,0,2738,2039,0,-1,14.05.15-18:20
-1,1431620400000,com.facebook.katana,0,0,391565,73851,1,-1,14.05.15-18:20
-1,1431621000000,com.facebook.katana,0,0,135,135,0,-1,14.05.15-18:30
-1,1431621600000,com.facebook.katana,0,0,135,135,0,-1,14.05.15-18:40
-1,1431622200000,com.facebook.katana,0,0,135,1207,0,-1,14.05.15-18:50
-1,1431622800000,com.facebook.katana,0,0,1354,1448,0,-1,14.05.15-19:00
-1,1431623400000,com.facebook.katana,0,0,1354,1448,0,-1,14.05.15-19:10
-1,1431624000000,com.facebook.katana,0,0,5267,3635,0,-1,14.05.15-19:20
-1,1431624600000,com.facebook.katana,0,0,9442,7119,0,-1,14.05.15-19:30
-1,1431625200000,com.facebook.katana,0,0,1304,1426,0,-1,14.05.15-19:40
-1,1431625800000,com.facebook.katana,0,0,1628,1816,0,-1,14.05.15-19:50
-1,1431626400000,com.facebook.katana,0,0,1088,1276,0,-1,14.05.15-20:00
-1,1431627000000,com.facebook.katana,0,0,816,939,0,-1,14.05.15-20:10
-1,1431627600000,com.facebook.katana,0,0,546,570,0,-1,14.05.15-20:20
-1,1431628200000,com.facebook.katana,0,0,5065,2732,0,-1,14.05.15-20:30
-1,1431628800000,com.facebook.katana,0,0,546,622,0,-1,14.05.15-20:40
-1,1431629400000,com.facebook.katana,0,0,405,405,0,-1,14.05.15-20:50
-1,1431630000000,com.facebook.katana,0,0,8642,7786,0,-1,14.05.15-21:00
-1,1431630600000,com.facebook.katana,0,0,4824,3159,0,-1,14.05.15-21:10
-1,1431631200000,com.facebook.katana,0,0,741,951,0,-1,14.05.15-21:20
-1,1431631800000,com.facebook.katana,0,0,1044,2210,0,-1,14.05.15-21:30
-1,1431632400000,com.facebook.katana,0,0,135,135,0,-1,14.05.15-21:40
-1,1431633000000,com.facebook.katana,0,0,38387,30505,0,-1,14.05.15-21:50
-1,1431633600000,com.facebook.katana,0,0,8707,6044,0,-1,14.05.15-22:00
-1,1431634200000,com.facebook.katana,0,0,5177,3621,0,-1,14.05.15-22:10
-1,1431634800000,com.facebook.katana,0,0,2252,1639,0,-1,14.05.15-22:20
-1,1431634800000,com.facebook.katana,0,0,59814,25318,1,-1,14.05.15-22:20
-1,1431635400000,com.facebook.katana,0,0,270,270,0,-1,14.05.15-22:30
-1,1431636000000,com.facebook.katana,0,0,135,135,0,-1,14.05.15-22:40
-1,1431636600000,com.facebook.katana,0,0,335,1106,0,-1,14.05.15-22:50
-1,1431637200000,com.facebook.katana,0,0,9804,7756,0,-1,14.05.15-23:00
-1,1431637800000,com.facebook.katana,0,0,2631,5732,0,-1,14.05.15-23:10
-1,1431663000000,com.facebook.katana,0,0,30557127,12981917,0,-1,15.05.15-06:10
-1,1431663600000,com.facebook.katana,0,0,137,166,0,-1,15.05.15-06:20
-1,1431664200000,com.facebook.katana,0,0,135,135,0,-1,15.05.15-06:30
-1,1431664800000,com.facebook.katana,0,0,135,135,0,-1,15.05.15-06:40
-1,1431666000000,com.facebook.katana,0,0,135,135,0,-1,15.05.15-07:00
-1,1431666600000,com.facebook.katana,0,0,135,135,0,-1,15.05.15-07:10
-1,1431667800000,com.facebook.katana,0,0,135,135,0,-1,15.05.15-07:30
-1,1431668400000,com.facebook.katana,0,0,135,135,0,-1,15.05.15-07:40
-1,1431669600000,com.facebook.katana,0,0,1225,1395,0,-1,15.05.15-08:00
-1,1431670200000,com.facebook.katana,0,0,272,319,0,-1,15.05.15-08:10
-1,1431670800000,com.facebook.katana,0,0,137,166,0,-1,15.05.15-08:20
-1,1431671400000,com.facebook.katana,0,0,1528,2100,0,-1,15.05.15-08:30
-1,1431672000000,com.facebook.katana,0,0,135,135,0,-1,15.05.15-08:40
-1,1431673200000,com.facebook.katana,0,0,270,270,0,-1,15.05.15-09:00
-1,1431673800000,com.facebook.katana,0,0,135,135,0,-1,15.05.15-09:10
-1,1431675000000,com.facebook.katana,0,0,18103,26317,0,-1,15.05.15-09:30
-1,1431675600000,com.facebook.katana,0,0,135,135,0,-1,15.05.15-09:40
-1,1431676200000,com.facebook.katana,0,0,411,487,0,-1,15.05.15-09:50
-1,1431681000000,com.facebook.katana,0,0,1690,1376,0,-1,15.05.15-11:10
-1,1431681600000,com.facebook.katana,0,0,733,2304,0,-1,15.05.15-11:20
-1,1431682200000,com.facebook.katana,0,0,20734,10793,0,-1,15.05.15-11:30
-1,1431682800000,com.facebook.katana,0,0,2241,2532,0,-1,15.05.15-11:40
-1,1431682800000,com.facebook.katana,0,0,141056,22819,1,-1,15.05.15-11:40
-1,1431683400000,com.facebook.katana,0,0,544,638,0,-1,15.05.15-11:50
-1,1431684000000,com.facebook.katana,0,0,1090,1325,0,-1,15.05.15-12:00
-1,1431684600000,com.facebook.katana,0,0,12617,4651,0,-1,15.05.15-12:10
-1,1431685200000,com.facebook.katana,0,0,274,350,0,-1,15.05.15-12:20
-1,1431685800000,com.facebook.katana,0,0,546,622,0,-1,15.05.15-12:30
-1,1431686400000,com.facebook.katana,0,0,1980,1367,0,-1,15.05.15-12:40
-1,1431686400000,com.facebook.katana,0,0,2729976,209564,1,-1,15.05.15-12:40
-1,1431687000000,com.facebook.katana,0,0,25454,6961,0,-1,15.05.15-12:50
-1,1431687600000,com.facebook.katana,0,0,3511,905,0,-1,15.05.15-13:00
-1,1431688200000,com.facebook.katana,0,0,23212,7629,0,-1,15.05.15-13:10
-1,1431688800000,com.facebook.katana,0,0,419,773,0,-1,15.05.15-13:20
-1,1431689400000,com.facebook.katana,0,0,2726,12940,0,-1,15.05.15-13:30
-1,1431690000000,com.facebook.katana,0,0,9147,17641,0,-1,15.05.15-13:40
-1,1431690600000,com.facebook.katana,0,0,9353,29709,0,-1,15.05.15-13:50
-1,1431691200000,com.facebook.katana,0,0,5629,3963,0,-1,15.05.15-14:00
-1,1431691800000,com.facebook.katana,0,0,1943,2609,0,-1,15.05.15-14:10
-1,1431692400000,com.facebook.katana,0,0,1502,2761,0,-1,15.05.15-14:20
-1,1431693000000,com.facebook.katana,0,0,332,540,0,-1,15.05.15-14:30
-1,1431693600000,com.facebook.katana,0,0,1270,2071,0,-1,15.05.15-14:40
-1,1431694200000,com.facebook.katana,0,0,1170,2015,0,-1,15.05.15-14:50
-1,1431694800000,com.facebook.katana,0,0,83,135,0,-1,15.05.15-15:00
-1,1431695400000,com.facebook.katana,0,0,83,135,0,-1,15.05.15-15:10
-1,1431696600000,com.facebook.katana,0,0,13693,8043,0,-1,15.05.15-15:30
-1,1431696600000,com.facebook.katana,0,0,116254,49503,1,-1,15.05.15-15:30
-1,1431697200000,com.facebook.katana,0,0,31895,17392,0,-1,15.05.15-15:40
-1,1431697200000,com.facebook.katana,0,0,20534,12986,1,-1,15.05.15-15:40
-1,1431697800000,com.facebook.katana,0,0,15471,4663,0,-1,15.05.15-15:50
-1,1431697800000,com.facebook.katana,0,0,502044,62037,1,-1,15.05.15-15:50
-1,1431698400000,com.facebook.katana,0,0,10369,8308,0,-1,15.05.15-16:00
-1,1431699000000,com.facebook.katana,0,0,3145,6509,0,-1,15.05.15-16:10
-1,1431699600000,com.facebook.katana,0,0,7398,9462,0,-1,15.05.15-16:20
-1,1431700200000,com.facebook.katana,0,0,272,1512,0,-1,15.05.15-16:30
-1,1431700800000,com.facebook.katana,0,0,1237,2622,0,-1,15.05.15-16:40
-1,1431701400000,com.facebook.katana,0,0,2125,2575,0,-1,15.05.15-16:50
-1,1431702000000,com.facebook.katana,0,0,2336,8084,0,-1,15.05.15-17:00
-1,1431702000000,com.facebook.katana,0,0,3993511,1800861,1,-1,15.05.15-17:00
-1,1431702600000,com.facebook.katana,0,0,5555,14791,0,-1,15.05.15-17:10
-1,1431702600000,com.facebook.katana,0,0,7146109,433699,1,-1,15.05.15-17:10
-1,1431703200000,com.facebook.katana,0,0,4938,7167,0,-1,15.05.15-17:20
-1,1431703800000,com.facebook.katana,0,0,4931,18557,0,-1,15.05.15-17:30
-1,1431704400000,com.facebook.katana,0,0,5008,3576,0,-1,15.05.15-17:40
-1,1431705000000,com.facebook.katana,0,0,1489,1583,0,-1,15.05.15-17:50
-1,1431705600000,com.facebook.katana,0,0,12060,9818,0,-1,15.05.15-18:00
-1,1431707400000,com.facebook.katana,0,0,4876,5277,0,-1,15.05.15-18:30
-1,1431729000000,com.facebook.katana,0,0,2274570,1759422,0,-1,16.05.15-00:30
-1,1431729000000,com.facebook.katana,0,0,5510565,440140,1,-1,16.05.15-00:30
-1,1431729600000,com.facebook.katana,0,0,5813,3894,0,-1,16.05.15-00:40
-1,1431730200000,com.facebook.katana,0,0,4719,4659,0,-1,16.05.15-00:50
-1,1431730200000,com.facebook.katana,0,0,2493405,606751,1,-1,16.05.15-00:50
-1,1431730800000,com.facebook.katana,0,0,4964,4144,0,-1,16.05.15-01:00
-1,1431730800000,com.facebook.katana,0,0,2309622,1368039,1,-1,16.05.15-01:00
-1,1431731400000,com.facebook.katana,0,0,9095,14683,0,-1,16.05.15-01:10
-1,1431732000000,com.facebook.katana,0,0,135,135,0,-1,16.05.15-01:20
-1,1431732600000,com.facebook.katana,0,0,13253,10213,0,-1,16.05.15-01:30
-1,1431732600000,com.facebook.katana,0,0,4070098,1665145,1,-1,16.05.15-01:30
-1,1431733200000,com.facebook.katana,0,0,64266,15481,0,-1,16.05.15-01:40
-1,1431733200000,com.facebook.katana,0,0,986310,128777,1,-1,16.05.15-01:40
-1,1431733800000,com.facebook.katana,0,0,9112,10407,0,-1,16.05.15-01:50
-1,1431734400000,com.facebook.katana,0,0,2177,3183,0,-1,16.05.15-02:00
-1,1431734400000,com.facebook.katana,0,0,23911272,6370545,1,-1,16.05.15-02:00
-1,1431735000000,com.facebook.katana,0,0,3914,3209,0,-1,16.05.15-02:10
-1,1431735000000,com.facebook.katana,0,0,7506,13688,1,-1,16.05.15-02:10
-1,1431735600000,com.facebook.katana,0,0,5384,8955,0,-1,16.05.15-02:20
-1,1431735600000,com.facebook.katana,0,0,860339,39166,1,-1,16.05.15-02:20
-1,1431736800000,com.facebook.katana,0,0,10161,11855,0,-1,16.05.15-02:40
-1,1431737400000,com.facebook.katana,0,0,135,135,0,-1,16.05.15-02:50
-1,1431738600000,com.facebook.katana,0,0,12122,23646,0,-1,16.05.15-03:10
-1,1431739200000,com.facebook.katana,0,0,7954,16612,0,-1,16.05.15-03:20
-1,1431739200000,com.facebook.katana,0,0,11455530,6742479,1,-1,16.05.15-03:20
